{
  "breast_cancer": {
    "centroid_distance": 0.015610975157822353,
    "earth_movers_distance": 0.10911620869970681,
    "duration": 0.7577972412109375
  },
  "pima_diabetes": {
    "centroid_distance": 0.0048604502334955715,
    "earth_movers_distance": 0.0266342354809398,
    "duration": 1.229010820388794
  },
  "spect_heart": {
    "centroid_distance": 0.007313123754121697,
    "earth_movers_distance": 0.07576412255379272,
    "duration": 1.6365618705749512
  },
  "banknote_authentication": {
    "centroid_distance": 0.03791089955108964,
    "earth_movers_distance": 0.23445146451945625,
    "duration": 6.226365327835083
  },
  "digits_binary": {
    "centroid_distance": 0.0027438394525581603,
    "earth_movers_distance": 0.03931695330158307,
    "duration": 1.8992671966552734
  },
  "ionosphere": {
    "centroid_distance": 0.014912623015311651,
    "earth_movers_distance": 0.09295826090503388,
    "duration": 1.629155158996582
  },
  "haberman_survival": {
    "centroid_distance": 0.04327403735453462,
    "earth_movers_distance": 0.1429166929569546,
    "duration": 0.3350694179534912
  },
  "sonar": {
    "centroid_distance": 0.0,
    "earth_movers_distance": 0.0,
    "duration": 1.4882123470306396
  }
}